<?xml version="1.0" encoding="UTF-8"?>
<metadata xml:lang="en"><Esri><CreaDate>20170726</CreaDate><CreaTime>17491600</CreaTime><ArcGISFormat>1.0</ArcGISFormat><SyncOnce>TRUE</SyncOnce><DataProperties><lineage><Process ToolSource="c:\program files (x86)\arcgis\desktop10.2\ArcToolbox\Toolboxes\Data Management Tools.tbx\CalculateField" Date="20170726" Time="174916">CalculateField US48_county_election_2016 3rd_party ([per_dem]+ [per_gop])*100 VB #</Process><Process ToolSource="c:\program files (x86)\arcgis\desktop10.2\ArcToolbox\Toolboxes\Data Management Tools.tbx\CalculateField" Date="20170726" Time="174927">CalculateField US48_county_election_2016 3rd_party "100 - ([per_dem]+ [per_gop])*100" VB #</Process></lineage></DataProperties></Esri></metadata>
